date,yield_1y,yield_2y,yield_3y,yield_4y,yield_5y,yield_6y,yield_7y,yield_8y,yield_9y,yield_10y,yield_11y,yield_12y,yield_13y,yield_14y,yield_15y,yield_16y,yield_17y,yield_18y,yield_19y,yield_20y,yield_21y,yield_22y,yield_23y,yield_24y,yield_25y,yield_26y,yield_27y,yield_28y,yield_29y,yield_30y,fpi,us_10y,us_2y,dxy,vix,brent,cpi,cpi_inflation,laf_net,repo_rate,jpmorgan_weight,post_announcement,post_inclusion,slope_10y_2y,slope_30y_10y,slope_5y_2y,us_slope,d_yield_1y,d_yield_2y,d_yield_5y,d_yield_10y,d_yield_30y,d_slope_10y_2y,d_fpi,d_us_10y,d_vix,d_brent,d_dxy,d_cpi_inflation,d_laf_net,d_repo_rate
2021-04-30,3.8038,4.2579,4.8968,5.3923,5.6839,6.0334,6.2178,6.3677,6.1384,6.3567,6.5394,6.6371,6.6687,6.631,6.6803,6.8028,6.8096,6.6853,6.7247,6.7699,6.8044,6.8165,6.8263,6.7869,6.7813,6.7827,6.7767,6.7706,6.7673,6.7586,1.8462992666666667,1.65,0.16,112.0839,17.416190476190476,64.8065,132.3214,,-315352.0466666667,4.0,0.0,0,0,2.0987999999999998,0.40190000000000037,1.4260000000000002,1.49,,,,,,,,,,,,,,
2021-05-31,3.90921,4.36907,4.85644,5.26522,5.65988,6.08705,6.24015,6.51243,6.20216,6.25843,6.70438,6.60252,6.63069,6.65048,6.79444,6.90057,6.93337,6.80091,6.83959,6.90162,6.86375,6.86682,6.82533,6.84789,6.84641,6.98211,7.11186,6.92762,6.92135,7.01684,1.8181496333333333,1.58,0.14,110.7576,19.7605,68.53421052631579,132.8723,,-233891.22774193547,4.0,0.0,0,0,1.88936,0.7584100000000005,1.2908100000000005,1.44,0.10541,0.11116999999999955,-0.024020000000000152,-0.0982700000000003,0.2582399999999998,-0.20943999999999985,-0.028149633333333313,-0.06999999999999984,2.3443095238095246,3.7277105263157893,-1.3263000000000034,,81460.81892473123,0.0
2021-06-30,4.05553,4.57015,5.12149,5.61436,5.8035,6.16466,6.34695,6.45004,6.29422,6.3928,6.53594,6.67477,6.69893,6.73138,6.80339,6.83625,6.8691,6.90196,6.93481,6.96767,7.00736,7.0504,7.05823,7.05274,7.05965,7.06656,7.07348,7.08064,7.09362,7.09968,1.79,1.45,0.25,112.5533,16.956818181818182,73.1640909090909,134.0842,,-284772.9066666666,4.0,0.0,0,0,1.8226500000000003,0.70688,1.2333499999999997,1.2,0.14632000000000023,0.20108000000000015,0.14361999999999941,0.13437000000000054,0.08284000000000002,-0.0667099999999996,-0.028149633333333313,-0.13000000000000012,-2.8036818181818184,4.629880382775113,1.7956999999999965,,-50881.67892473115,0.0
2021-07-31,3.81018,4.34746,4.94329,5.4895,5.83545,6.15497,6.38605,6.44795,6.37177,6.22949,6.68358,6.82894,6.85258,6.84592,6.8869,6.93334,6.97978,7.02621,7.07987,7.21919,7.24892,7.14086,7.09768,7.22856,7.18047,7.33741,7.26278,7.17622,7.16837,7.1657,1.7955493333333334,1.24,0.19,112.6714,17.603333333333335,75.1659090909091,135.2961,,-341622.1612903226,4.0,0.0,0,0,1.8820300000000003,0.93621,1.48799,1.05,-0.24535000000000018,-0.22269000000000005,0.031950000000000145,-0.16331000000000007,0.06601999999999997,0.05937999999999999,0.005549333333333406,-0.20999999999999996,0.6465151515151533,2.0018181818181944,0.11810000000001253,,-56849.25462365599,0.0
2021-08-31,3.6854,4.2207,4.7986,5.371,5.7567,6.0139,6.1899,6.2549,6.2374,6.3714,6.5585,6.7015,6.7526,6.7725,6.783,6.8395,6.8961,6.9526,7.0454,7.174,7.0127,7.0499,7.059,7.1435,7.3354,7.35,7.2369,7.2103,7.182,7.0904,1.8010986666666666,1.3,0.2,113.1076,17.472727272727273,70.74714285714286,135.5165,,-416608.4516129032,4.0,0.0,0,0,2.1507000000000005,0.7189999999999994,1.5360000000000005,1.1,-0.12477999999999989,-0.12675999999999998,-0.07874999999999943,0.1419100000000002,-0.07530000000000037,0.2686700000000002,0.005549333333333184,0.06000000000000005,-0.1306060606060626,-4.418766233766235,0.4361999999999995,,-74986.29032258061,0.0
2021-09-30,3.926,4.4982,4.9916,5.4309,5.7802,6.0067,6.1582,6.2316,6.2193,6.2822,6.5936,6.6249,6.6659,6.7006,6.7616,6.855,6.9484,6.9641,6.8345,6.8548,6.875,6.8953,6.8822,6.8795,6.9313,6.9474,6.9624,6.9728,6.9709,6.9662,1.806648,1.52,0.28,114.6403,19.824761904761903,74.48863636363636,135.847,,-364004.1666666667,4.0,0.0,0,0,1.7839999999999998,0.6840000000000002,1.282,1.24,0.24060000000000015,0.27749999999999986,0.02349999999999941,-0.08920000000000083,-0.12420000000000009,-0.3667000000000007,0.005549333333333406,0.21999999999999997,2.3520346320346306,3.741493506493498,1.5326999999999913,,52604.28494623653,0.0
2021-10-31,4.1195,4.7094,5.1579,5.5601,5.8945,6.1458,6.2584,6.3726,6.4122,6.4719,6.721,6.7616,6.8064,6.8271,6.8734,6.9292,6.985,7.0408,7.0966,7.1524,7.0254,7.006,7.0255,7.0347,7.0429,7.0512,7.0594,7.0643,7.0635,7.0633,1.7578178,1.55,0.48,114.1349,17.871428571428574,83.53809523809524,137.6098,,-213823.1935483871,4.0,0.0,0,0,1.7625000000000002,0.5914000000000001,1.1851000000000003,1.07,0.19350000000000023,0.21119999999999983,0.11430000000000007,0.1897000000000002,0.09710000000000019,-0.02149999999999963,-0.048830200000000046,0.030000000000000027,-1.9533333333333296,9.049458874458878,-0.5053999999999945,,150180.9731182796,0.0
2021-11-30,4.21838,4.68059,5.1104,5.44132,5.81612,6.05552,6.16498,6.25638,6.2986,6.38241,6.54777,6.67146,6.7212,6.73002,6.76213,6.79737,6.8326,6.8514,6.8676,6.88381,6.93522,6.92895,6.91732,6.91132,6.91251,6.9137,6.91488,6.91607,6.91726,6.92305,1.7089876,1.43,0.52,116.2071,18.50047619047619,81.05,138.4912,,-197913.5,4.0,0.0,0,0,1.7018200000000006,0.5406399999999998,1.1355300000000002,0.9099999999999999,0.09887999999999941,-0.028810000000000002,-0.07838000000000012,-0.08948999999999963,-0.14024999999999999,-0.06067999999999962,-0.048830200000000046,-0.1200000000000001,0.6290476190476149,-2.488095238095241,2.072199999999995,,15909.693548387091,0.0
2021-12-31,4.34963,5.01356,5.40948,5.71957,6.01444,6.27661,6.40987,6.37937,6.40295,6.52339,6.64734,6.75705,6.85136,6.90773,6.91822,6.92871,6.9392,6.9497,6.96234,6.97718,6.99202,7.00686,7.02139,7.03211,7.04252,7.05292,7.06333,7.07166,7.07733,7.05975,1.6601574,1.52,0.73,115.283,21.354545454545455,74.1704761904762,138.1607,,-204005.2441935484,4.0,0.0,0,0,1.50983,0.5363600000000002,1.0008799999999995,0.79,0.13125000000000053,0.33297000000000043,0.19831999999999983,0.14097999999999988,0.13670000000000027,-0.19199000000000055,-0.048830200000000046,0.09000000000000008,2.854069264069267,-6.879523809523803,-0.9240999999999957,,-6091.744193548395,0.0
2022-01-31,4.44251,5.04281,5.49574,5.87612,6.15927,6.38313,6.5738,6.56098,6.62188,6.72781,6.89391,7.00356,7.09013,7.13316,7.1486,7.16404,7.17948,7.19493,7.21037,7.22581,7.24125,7.14802,7.26385,7.26376,7.28032,7.28285,7.28537,7.29093,7.29627,7.28802,1.6276883333333332,1.79,1.18,115.566,23.181,86.50523809523808,137.8302,5.837607887704643,-148836.16322580643,4.0,0.0,0,0,1.6849999999999996,0.5602100000000005,1.11646,0.6100000000000001,0.09288000000000007,0.02925000000000022,0.14483000000000068,0.20441999999999982,0.2282700000000002,0.1751699999999996,-0.03246906666666671,0.27,1.8264545454545456,12.33476190476189,0.28300000000000125,,55169.08096774196,0.0
2022-02-28,4.54092,5.00201,5.43264,5.90408,6.23116,6.52335,6.7132,6.7507,6.7672,6.81574,6.88377,6.96964,7.05945,7.00868,7.03021,7.05174,7.07327,7.0948,7.11633,7.1363,7.09123,7.11007,7.06941,7.07022,7.07691,7.09123,7.10554,7.10807,7.10725,7.11191,1.5952192666666667,1.83,1.44,115.2224,25.748421052631578,97.12899999999999,137.72,5.042048853857928,-170888.03357142856,4.0,0.0,0,0,1.8137299999999996,0.29617000000000004,1.2291499999999997,0.3900000000000001,0.09840999999999944,-0.04079999999999995,0.07188999999999979,0.08793000000000006,-0.17611000000000043,0.12873,-0.03246906666666649,0.040000000000000036,2.567421052631577,10.623761904761906,-0.34360000000000923,-0.7955590338467156,-22051.870345622126,0.0
2022-03-31,4.53923,5.13363,5.57761,5.99322,6.29651,6.56734,6.72767,6.83791,6.82017,6.83627,6.97972,7.13031,7.15883,7.11399,7.20227,7.2567,7.27618,7.31187,7.26319,7.2764,7.30807,7.28131,7.3615,7.29057,7.21608,7.29592,7.24803,7.23926,7.25068,7.3164,1.5627502,2.32,2.28,115.2218,26.968695652173913,117.24521739130434,138.8218,5.351197726349977,-196190.29032258064,4.0,0.0,0,0,1.7026399999999997,0.48012999999999995,1.1628799999999995,0.040000000000000036,-0.0016899999999999693,0.13161999999999985,0.06534999999999958,0.020529999999999937,0.20448999999999984,-0.11108999999999991,-0.03246906666666671,0.48999999999999977,1.2202745995423356,20.116217391304346,-0.0005999999999914962,0.3091488724920488,-25302.256751152076,0.0
2022-04-30,4.85286,5.70293,6.16814,6.49884,6.82788,6.96099,7.08225,7.10114,7.12736,7.17691,7.25781,7.28419,7.30571,7.30123,7.29739,7.30573,7.31407,7.32241,7.32403,7.32631,7.31525,7.32098,7.37423,7.36079,7.3634,7.37901,7.39463,7.41024,7.4205,7.42205,1.5184194666666666,2.89,2.7,119.4933,24.3735,104.57526315789474,140.6947,6.328001366370062,-179965.03333333333,4.0,0.0,0,0,1.47398,0.24513999999999925,1.1249500000000001,0.18999999999999995,0.31362999999999985,0.5693000000000001,0.5313700000000008,0.3406400000000005,0.1056499999999998,-0.22865999999999964,-0.04433073333333337,0.5700000000000003,-2.5951956521739135,-12.669954233409598,4.271500000000003,0.9768036400200852,16225.256989247311,0.0
2022-05-31,6.0761,6.68714,6.9433,7.09036,7.25353,7.31132,7.32578,7.38052,7.41914,7.47608,7.51777,7.54661,7.57695,7.55293,7.55809,7.56524,7.57239,7.57953,7.58668,7.59382,7.60097,7.61374,7.63378,7.63843,7.64209,7.64574,7.6494,7.66826,7.67729,7.6759,1.4740887333333335,2.85,2.53,118.0704,29.313636363636363,113.33761904761906,142.127,6.965108604276438,-142728.03225806452,4.3999999999999995,0.0,0,0,0.7889399999999993,0.19982000000000077,0.5663899999999993,0.3200000000000003,1.2232400000000005,0.98421,0.4256499999999992,0.29916999999999927,0.2538500000000008,-0.6850400000000008,-0.04433073333333315,-0.040000000000000036,4.940136363636363,8.762355889724319,-1.4228999999999985,0.6371072379063758,37237.00107526881,0.39999999999999947
2022-06-30,6.30482,6.67624,6.96249,7.15796,7.24003,7.31998,7.36819,7.41491,7.42997,7.37758,7.26174,7.38796,7.54203,7.57581,7.59853,7.62124,7.64396,7.66667,7.65876,7.65068,7.6426,7.65115,7.67464,7.67854,7.68245,7.68636,7.6903,7.69505,7.70445,7.71118,1.429758,2.98,2.92,120.9652,28.23318181818182,122.71095238095238,142.3474,6.162694784322076,-200543.32666666666,4.9,0.0,0,0,0.7013400000000001,0.3335999999999997,0.56379,0.06000000000000005,0.22872000000000003,-0.010900000000000354,-0.013499999999999623,-0.09849999999999959,0.03527999999999931,-0.08759999999999923,-0.04433073333333337,0.1299999999999999,-1.0804545454545433,9.37333333333332,2.8947999999999894,-0.8024138199543618,-57815.294408602145,0.5000000000000009
2022-07-31,6.21816,6.59031,6.76855,6.92931,7.14476,7.18294,7.22212,7.25569,7.28047,7.42388,7.42142,7.42165,7.47558,7.52192,7.52895,7.53597,7.543,7.55212,7.58708,7.59056,7.57559,7.57018,7.58002,7.5944,7.60878,7.62316,7.63674,7.64464,7.65969,7.66451,1.4120338333333333,2.67,2.89,121.7678,24.995238095238093,111.92571428571429,143.1186,5.7817631106883205,-83072.77258064516,4.9,0.0,0,0,0.8335699999999999,0.24063000000000034,0.5544500000000001,-0.2200000000000002,-0.08666000000000018,-0.08593000000000028,-0.09527000000000019,0.046299999999999564,-0.04666999999999977,0.13222999999999985,-0.017724166666666763,-0.31000000000000005,-3.237943722943726,-10.785238095238086,0.8025999999999982,-0.38093167363375535,117470.5540860215,0.0
2022-08-31,6.34469,6.62483,6.82183,6.93836,7.04396,7.0905,7.13848,7.16279,7.18178,7.20792,7.29015,7.25705,7.28357,7.41176,7.56119,7.55232,7.47318,7.41521,7.48402,7.4776,7.53407,7.43095,7.45993,7.54229,7.54979,7.57369,7.59522,7.50138,7.48248,7.47824,1.3943096666666668,3.15,3.45,123.535,22.169565217391302,100.44636363636364,143.4492,5.8536783343725585,-118222.5693548387,5.4,0.0,0,0,0.5830899999999994,0.2703200000000008,0.41913,-0.30000000000000027,0.1265299999999998,0.03452000000000055,-0.10079999999999956,-0.21595999999999993,-0.1862699999999995,-0.2504800000000005,-0.01772416666666654,0.48,-2.8256728778467917,-11.47935064935065,1.7672000000000025,0.07191522368423797,-35149.79677419354,0.5
2022-09-30,6.82142,6.82052,7.0131,7.21117,7.29367,7.34776,7.36643,7.37358,7.38416,7.45582,7.51699,7.53846,7.47981,7.46509,7.46786,7.47064,7.47341,7.4755,7.47549,7.47548,7.47547,7.47546,7.4771,7.48315,7.48921,7.49526,7.50607,7.52842,7.52599,7.52132,1.3765855,3.83,4.22,127.5148,27.34181818181818,89.7647619047619,144.6611,6.488255169418533,-79911.95999999999,5.8999999999999995,0.0,0,0,0.6353,0.06550000000000011,0.4731499999999995,-0.3899999999999997,0.4767299999999999,0.19568999999999992,0.24970999999999943,0.24790000000000045,0.043079999999999785,0.052210000000000534,-0.017724166666666763,0.6800000000000002,5.172252964426878,-10.681601731601745,3.9797999999999973,0.6345768350459746,38310.609354838714,0.4999999999999991
2022-10-31,6.82729,7.0369,7.22594,7.29142,7.47542,7.591,7.43048,7.44519,7.45152,7.44017,7.45879,7.49123,7.52106,7.52376,7.52358,7.52341,7.52323,7.52305,7.52288,7.5227,7.52253,7.52677,7.53,7.53038,7.53725,7.54412,7.53701,7.51342,7.55889,7.56508,1.3537346666666668,4.1,4.51,127.6219,30.005714285714287,93.33190476190477,145.9832,6.084886396172373,-48864.97483870968,5.8999999999999995,0.0,0,0,0.40327,0.12490999999999985,0.4385199999999996,-0.41000000000000014,0.00586999999999982,0.21638000000000002,0.18175000000000008,-0.015649999999999942,0.0437599999999998,-0.23202999999999996,-0.022850833333333265,0.2699999999999996,2.663896103896107,3.567142857142869,0.10710000000000264,-0.40336877324615994,31046.985161290315,0.0
2022-11-30,6.86384,7.00224,7.05561,7.15597,7.1801,7.25031,7.27611,7.28427,7.28884,7.31044,7.39215,7.37139,7.36698,7.39104,7.38932,7.38761,7.38589,7.38418,7.38246,7.38074,7.39014,7.4028,7.40997,7.40991,7.40985,7.40978,7.40537,7.3958,7.38623,7.39206,1.3308838333333333,3.68,4.38,123.5175,23.29909090909091,91.41545454545455,145.9832,5.409730004505708,-83588.73766666667,5.8999999999999995,0.0,0,0,0.30820000000000025,0.08162000000000003,0.1778600000000008,-0.6999999999999997,0.03655000000000008,-0.03466000000000058,-0.29531999999999936,-0.12973000000000035,-0.17302000000000017,-0.09506999999999977,-0.022850833333333487,-0.4199999999999995,-6.7066233766233765,-1.9164502164502153,-4.104399999999998,-0.6751563916666647,-34723.76282795699,0.0
2022-12-31,6.7763,7.0044,7.0966,7.2036,7.2692,7.311,7.3111,7.3248,7.3352,7.331,7.3551,7.3791,7.4031,7.424,7.4303,7.4367,7.4431,7.4454,7.4435,7.4416,7.4396,7.4376,7.4351,7.4335,7.4319,7.4303,7.4299,7.4305,7.4321,7.4507,1.308033,3.88,4.41,121.4256,21.784285714285716,80.924,145.7628,5.5023606568293415,-103046.33258064516,6.25,0.0,0,0,0.3266,0.11969999999999992,0.26479999999999926,-0.5300000000000002,-0.08753999999999973,0.002160000000000828,0.08909999999999929,0.020560000000000578,0.05864000000000047,0.01839999999999975,-0.022850833333333265,0.19999999999999973,-1.514805194805195,-10.491454545454545,-2.0918999999999954,0.0926306523236331,-19457.594913978493,0.35000000000000053
2023-01-31,6.9808,7.0442,7.1178,7.1841,7.3318,7.3628,7.3404,7.3548,7.3823,7.3781,7.4106,7.44,7.4491,7.4551,7.4602,7.4654,7.4705,7.4756,7.4782,7.4649,7.4516,7.4389,7.4428,7.4523,7.4552,7.458,7.4447,7.4333,7.4425,7.4483,1.3260010333333334,3.52,4.21,118.9802,20.16904761904762,82.50142857142858,146.3137,6.155037139901132,-83589.90419354838,6.25,0.0,0,0,0.33389999999999986,0.07019999999999982,0.2876000000000003,-0.69,0.20450000000000035,0.03979999999999961,0.06260000000000066,0.047099999999999476,-0.002400000000000624,0.007299999999999862,0.01796803333333341,-0.3599999999999999,-1.6152380952380945,1.5774285714285696,-2.4454000000000065,0.6526764830717902,19456.428387096777,0.0
2023-02-28,7.321,7.3347,7.3843,7.4169,7.4198,7.416,7.4116,7.4436,7.4466,7.4412,7.4366,7.4518,7.4678,7.4797,7.4725,7.4653,7.4582,7.451,7.4438,7.4366,7.4325,7.4337,7.4204,7.4181,7.4238,7.4295,7.4309,7.4308,7.4321,7.4254,1.3439690666666666,3.92,4.81,121.3341,20.1205,82.58500000000001,146.2036,6.160034853325591,-69100.29892857143,6.5,0.0,0,0,0.10650000000000048,-0.01580000000000048,0.08510000000000062,-0.8899999999999997,0.3401999999999994,0.29049999999999976,0.08800000000000008,0.06310000000000038,-0.02289999999999992,-0.22739999999999938,0.01796803333333319,0.3999999999999999,-0.04854761904762128,0.08357142857143174,2.35390000000001,0.004997713424459427,14489.605264976955,0.25
2023-03-31,7.1926,7.0666,7.1504,7.172,7.1813,7.2128,7.2342,7.2825,7.3227,7.3433,7.3999,7.3409,7.3548,7.3579,7.3531,7.3597,7.4128,7.4147,7.399,7.3834,7.3782,7.371,7.3539,7.3559,7.3791,7.4024,7.3832,7.3829,7.3953,7.3869,1.3619371,3.48,4.06,119.3602,21.644347826086957,78.43434782608696,146.8646,5.793614547571058,-90584.51193548387,6.5,0.0,0,0,0.27669999999999995,0.04359999999999964,0.11470000000000002,-0.5799999999999996,-0.12840000000000007,-0.26809999999999956,-0.23850000000000016,-0.0979000000000001,-0.03849999999999998,0.17019999999999946,0.01796803333333341,-0.43999999999999995,1.523847826086957,-4.150652173913045,-1.9739000000000004,-0.36642030575453344,-21484.21300691244,0.0
2023-04-30,6.988946,6.903496,6.960716,6.988439,7.026147,7.062755,7.110339,7.142321,7.151727,7.17759,7.201408,7.217632,7.225742,7.232886,7.255648,7.278411,7.301174,7.323937,7.323663,7.285447,7.256792,7.246113,7.235435,7.237856,7.250995,7.264135,7.25895,7.262329,7.267186,7.264931,1.4391390666666666,3.44,4.04,119.2248,17.817894736842106,84.63833333333334,147.8562,5.090099342761301,-75747.774,6.5,0.0,0,0,0.2740940000000007,0.08734099999999945,0.12265100000000029,-0.6000000000000001,-0.20365399999999934,-0.16310400000000058,-0.15515300000000032,-0.1657099999999998,-0.121969,-0.00260599999999922,0.07720196666666657,-0.040000000000000036,-3.8264530892448505,6.203985507246372,-0.13540000000000418,-0.703515204809757,14836.737935483863,0.0
2023-05-31,6.9514,6.891743,6.884893,6.920686,6.950161,6.975455,6.982392,7.079525,7.0224,7.057505,7.114141,7.090991,7.081839,7.109492,7.128989,7.128989,7.128989,7.128989,7.128989,7.124666,7.122788,7.122788,7.127112,7.128989,7.133313,7.132572,7.148661,7.158117,7.155266,7.162379,1.5163410333333334,3.64,4.4,120.9662,17.63608695652174,75.466,148.4071,4.418653739261358,-72033.43000000001,6.5,0.0,0,0,0.16576199999999996,0.10487399999999969,0.05841799999999964,-0.7600000000000002,-0.037546000000000745,-0.01175299999999968,-0.07598600000000033,-0.12008500000000044,-0.1025520000000002,-0.10833200000000076,0.07720196666666679,0.20000000000000018,-0.1818077803203657,-9.172333333333341,1.7413999999999987,-0.6714456034999428,3714.3439999999973,0.0
2023-06-30,6.853243,6.982213,7.032764,7.072736,7.075531,7.10011,7.107419,7.14085,7.132197,7.1268,7.1833,7.189802,7.202178,7.199431,7.192234,7.185038,7.1875,7.2125,7.2375,7.252462,7.257386,7.262522,7.27699,7.291458,7.305927,7.320534,7.338343,7.344565,7.351274,7.360735,1.593543,3.81,4.87,119.3606,14.003181818181817,74.83909090909091,150.2801,5.572774774951994,-78763.868,6.5,0.0,0,0,0.14458700000000047,0.23393499999999978,0.09331800000000001,-1.06,-0.0981569999999996,0.09046999999999983,0.1253700000000002,0.06929500000000033,0.19835600000000042,-0.0211749999999995,0.07720196666666657,0.16999999999999993,-3.6329051383399236,-0.6269090909090806,-1.6055999999999955,1.1541210356906362,-6730.437999999995,0.0
2023-07-31,6.885552,7.075772,7.131151,7.159675,7.164366,7.182557,7.193096,7.216584,7.191964,7.198437,7.295651,7.262389,7.285873,7.243574,7.301603,7.3138,7.3138,7.3138,7.3138,7.3138,7.3138,7.3138,7.297418,7.275,7.300112,7.327268,7.275,7.275,7.314552,7.358868,1.599717,3.97,4.88,117.8241,13.932380952380951,80.10809523809523,153.9159,7.54430241771511,-85263.45032258064,6.5,0.0,0,0,0.12266500000000047,0.160431,0.0885940000000005,-0.9099999999999997,0.0323089999999997,0.09355899999999995,0.08883500000000044,0.07163699999999995,-0.001866999999999841,-0.021921999999999997,0.006174000000000124,0.16000000000000014,-0.07080086580086586,5.269004329004318,-1.5365000000000038,1.9715276427631157,-6499.582322580638,0.0
2023-08-31,6.987909,7.130448,7.165493,7.169429,7.173735,7.17952,7.182746,7.187559,7.190466,7.156927,7.189882,7.23175,7.237091,7.238829,7.243146,7.247462,7.251779,7.256096,7.260412,7.264183,7.267682,7.27118,7.274678,7.289513,7.305765,7.322017,7.338269,7.342758,7.342272,7.341714,1.605891,4.09,4.85,120.225,15.85391304347826,86.14772727272727,153.365,6.912412198882967,-53850.64548387097,6.5,0.0,0,0,0.026478999999999253,0.18478700000000003,0.04328699999999941,-0.7599999999999998,0.10235700000000048,0.05467600000000061,0.009368999999999517,-0.0415100000000006,-0.017154000000000558,-0.09618600000000121,0.006173999999999902,0.11999999999999966,1.9215320910973084,6.039632034632035,2.400899999999993,-0.6318902188321429,31412.80483870967,0.0
2023-09-30,7.060395,7.196422,7.260202,7.238736,7.242245,7.257027,7.244496,7.241781,7.239498,7.23725,7.274023,7.283351,7.331287,7.323348,7.32551,7.327671,7.329833,7.331995,7.334156,7.336318,7.338479,7.340641,7.342802,7.344964,7.347126,7.349287,7.352012,7.37671,7.400667,7.407301,1.612065,4.59,5.03,122.3077,15.173333333333332,93.72238095238096,151.492,4.722001975652046,9566.970333333333,6.5,0.0,1,0,0.04082800000000031,0.17005099999999995,0.0458229999999995,-0.4400000000000004,0.0724859999999996,0.06597399999999976,0.06850999999999985,0.08032300000000081,0.06558700000000073,0.014349000000001055,0.006174000000000124,0.5,-0.6805797101449276,7.574653679653693,2.0827000000000027,-2.190410223230921,63417.6158172043,0.0
2023-10-31,7.114156,7.340045,7.346233,7.344238,7.349446,7.382098,7.387747,7.392951,7.405143,7.377264,7.463294,7.462836,7.442223,7.496421,7.534212,7.519112,7.5098,7.5098,7.5098,7.5098,7.496907,7.504291,7.5098,7.5098,7.503827,7.50738,7.51433,7.510415,7.513674,7.511418,1.7153326666666666,4.88,5.07,123.8364,18.887727272727272,90.59590909090909,152.4836,4.452841148844522,26713.667419354835,6.5,0.0,1,0,0.037219000000000335,0.13415399999999966,0.009401000000000437,-0.1900000000000004,0.053761000000000614,0.14362299999999983,0.10720100000000077,0.14001399999999986,0.10411699999999957,-0.0036089999999999733,0.10326766666666654,0.29000000000000004,3.71439393939394,-3.1264718614718703,1.5287000000000006,-0.26916082680752407,17146.6970860215,0.0
2023-11-30,7.125975,7.25203,7.260711,7.250521,7.245672,7.287155,7.303148,7.336879,7.327848,7.316588,7.353412,7.385262,7.390639,7.417843,7.4607,7.4607,7.4607,7.4607,7.4607,7.4607,7.4607,7.4607,7.4607,7.4607,7.4607,7.4607,7.4607,7.453049,7.459581,7.462876,1.8186003333333334,4.37,4.73,120.2434,14.01909090909091,82.94,153.2548,4.981121115306397,47924.08966666667,6.5,0.0,1,0,0.0645579999999999,0.1462879999999993,-0.00635800000000053,-0.3600000000000003,0.011819000000000024,-0.08801499999999951,-0.10377400000000048,-0.06067599999999995,-0.04854200000000031,0.027338999999999558,0.10326766666666676,-0.5099999999999998,-4.868636363636362,-7.655909090909091,-3.5930000000000035,0.5282799664618754,21210.42224731183,0.0
2023-12-31,7.085487,7.078866,7.081939,7.079101,7.08997,7.136316,7.149076,7.212686,7.195795,7.204098,7.264207,7.303309,7.303592,7.302153,7.315208,7.328264,7.338381,7.345461,7.352541,7.359621,7.3667,7.37378,7.38086,7.38794,7.39502,7.4021,7.40918,7.412785,7.399103,7.415751,1.921868,3.88,4.23,118.4208,12.7185,77.63105263157895,152.9243,4.913119122300058,41186.37193548387,6.5,0.0,1,0,0.12523200000000045,0.2116530000000001,0.011104000000000447,-0.35000000000000053,-0.040488000000000746,-0.17316400000000076,-0.15570199999999979,-0.1124900000000002,-0.04712499999999942,0.06067400000000056,0.10326766666666654,-0.4900000000000002,-1.300590909090909,-5.308947368421045,-1.8225999999999942,-0.06800199300633913,-6737.717731182798,0.0
2024-01-31,7.088609,7.001627,7.027758,7.02805,7.055461,7.089667,7.114699,7.172765,7.160323,7.163012,7.203506,7.210542,7.216645,7.233146,7.238671,7.244272,7.249873,7.255474,7.261075,7.263271,7.244393,7.262313,7.272146,7.274442,7.276739,7.273842,7.270631,7.272758,7.274859,7.275693,2.0620106666666667,3.99,4.27,120.4331,13.388636363636364,80.12409090909091,153.0345,4.59341811463998,11783.042307692307,6.5,0.0,1,0,0.1613850000000001,0.11268100000000025,0.05383400000000016,-0.27999999999999936,0.003122000000000291,-0.07723899999999961,-0.0345089999999999,-0.041085999999999956,-0.1400579999999998,0.03615299999999966,0.14014266666666675,0.11000000000000032,0.6701363636363631,2.493038277511957,2.012299999999996,-0.31970100766007814,-29403.32962779156,0.0
2024-02-29,7.130277,7.031309,7.060646,7.071737,7.079498,7.092551,7.074244,7.107594,7.089911,7.082412,7.107531,7.121193,7.12495,7.119315,7.114552,7.10979,7.105027,7.100265,7.110633,7.121891,7.133988,7.119351,7.107819,7.122557,7.137294,7.143211,7.145937,7.145142,7.145091,7.150748,2.2021533333333334,4.25,4.64,121.1824,13.980476190476189,83.47809523809524,153.365,4.898237799890026,-38318.42103448276,6.5,0.0,1,0,0.051102999999999454,0.0683360000000004,0.048188999999999815,-0.3899999999999997,0.04166800000000048,0.029682000000000208,0.024036999999999864,-0.08060000000000045,-0.1249450000000003,-0.11028200000000066,0.14014266666666675,0.2599999999999998,0.5918398268398253,3.3540043290043258,0.7493000000000052,0.3048196852500462,-50101.46334217506,0.0
2024-03-31,7.144065,7.108949,7.046107,7.050941,7.045748,7.062376,7.073053,7.079143,7.070891,7.066724,7.086245,7.095068,7.094909,7.088573,7.090793,7.093013,7.095232,7.103052,7.121817,7.124351,7.114964,7.11183,7.106037,7.103717,7.101396,7.111223,7.115755,7.110993,7.111894,7.116281,2.342296,4.2,4.59,121.0191,13.7875,85.4085,153.0345,4.201080450973227,-70002.99612903225,6.5,0.0,1,0,-0.04222500000000018,0.04955700000000007,-0.06320100000000028,-0.3899999999999997,0.013787999999999911,0.07763999999999971,-0.03375000000000039,-0.015687999999999924,-0.03446700000000025,-0.09332799999999963,0.14014266666666675,-0.04999999999999982,-0.1929761904761893,1.930404761904768,-0.16330000000000666,-0.6971573489167993,-31684.575094549495,0.0
2024-04-30,7.073541,7.120205,7.18075,7.193021,7.196239,7.199485,7.207184,7.215301,7.205206,7.175314,7.215249,7.239403,7.236305,7.228318,7.213565,7.229502,7.237027,7.246033,7.264867,7.27252,7.280164,7.277728,7.286033,7.2872,7.265737,7.274245,7.279414,7.283885,7.290732,7.300609,2.3408093333333335,4.69,5.04,122.9853,16.137727272727275,89.93809523809524,153.5853,3.8747783319197815,-76235.96366666668,6.5,0.0,1,0,0.05510899999999985,0.1252949999999995,0.07603399999999993,-0.34999999999999964,-0.0705240000000007,0.011256000000000377,0.1504910000000006,0.10859000000000041,0.18432799999999983,0.09733400000000003,-0.0014866666666666362,0.4900000000000002,2.3502272727272757,4.52959523809524,1.9662000000000006,-0.3263021190534454,-6232.967537634424,0.0
2024-05-31,7.0145,7.0055,7.0394,7.0432,7.0387,7.0485,7.0585,7.0666,7.0467,7.0067,7.0819,7.0705,7.0685,7.0531,7.0502,7.0869,7.0917,7.0966,7.1015,7.1068,7.1128,7.1188,7.122,7.1236,7.1252,7.1315,7.1298,7.1283,7.1312,7.1336,2.3393226666666664,4.51,4.89,122.098,13.058695652173913,81.74619047619048,154.1362,3.8603948193853155,-33866.82548387097,6.5,0.0,1,0,0.001200000000000756,0.1269,0.033200000000000784,-0.3799999999999999,-0.05904099999999968,-0.11470500000000072,-0.15753899999999987,-0.16861399999999982,-0.1670089999999993,-0.0539089999999991,-0.0014866666666670802,-0.1800000000000006,-3.079031620553362,-8.191904761904766,-0.8872999999999962,-0.014383512534466014,42369.13818279571,0.0
2024-06-30,6.9338,6.9639,6.98,7.0083,7.0229,7.0232,7.0202,7.082,7.0512,7.048,7.0728,7.0531,7.0434,7.0363,7.0306,7.0322,7.0339,7.0356,7.0521,7.0648,7.0598,7.0648,7.0597,7.0507,7.0421,7.0466,7.0443,7.0448,7.0497,7.0551,2.337836,4.36,4.71,124.2103,12.667,82.24600000000001,155.7889,3.665688271434475,-37450.69233333333,6.5,1.0,1,1,0.08410000000000029,0.007100000000000328,0.05900000000000016,-0.34999999999999964,-0.08070000000000022,-0.04159999999999986,-0.01580000000000048,0.04129999999999967,-0.07850000000000001,0.08289999999999953,-0.0014866666666666362,-0.14999999999999947,-0.39169565217391344,0.4998095238095317,2.1123000000000047,-0.1947065479508403,-3583.8668494623635,0.0
2024-07-31,6.7992,6.8334,6.8427,6.8393,6.8436,6.8958,6.9192,6.9551,6.9529,6.9773,7.0031,6.9935,6.9782,6.9581,6.964,6.9474,6.9597,6.962,6.9956,6.9944,6.972,6.972,6.972,6.9986,7.022,7.0274,7.0488,7.0308,7.0182,7.0311,2.491091,4.09,4.29,123.6373,14.373913043478263,85.15304347826087,157.2212,2.1474714438209475,-81020.5135483871,6.5,2.0,1,1,0.14389999999999947,0.053800000000000736,0.010200000000000209,-0.20000000000000018,-0.13459999999999983,-0.13049999999999962,-0.17929999999999957,-0.07070000000000043,-0.02400000000000002,0.05979999999999919,0.15325500000000014,-0.27000000000000046,1.706913043478263,2.90704347826086,-0.5730000000000075,-1.5182168276135277,-43569.821215053766,0.0
2024-08-31,6.742016,6.755532,6.759887,6.787369,6.804805,6.824912,6.854193,6.879842,6.893624,6.903532,6.919689,6.920915,6.919403,6.916827,6.91849,6.927216,6.935943,6.944669,6.953395,6.962122,6.968958,6.967674,6.96636,6.965043,6.967702,6.98547,6.982996,6.989454,7.001604,7.022316,2.6443459999999996,3.91,3.91,122.3262,19.312272727272727,80.3552380952381,157.111,2.4425390408502556,-94999.27580645161,6.5,3.0,1,1,0.14800000000000058,0.11878399999999978,0.049273000000000344,0.0,-0.057184000000000346,-0.07786800000000049,-0.03879500000000036,-0.07376799999999939,-0.008784000000000347,0.004100000000001103,0.1532549999999997,-0.17999999999999972,4.938359683794465,-4.7978053830227765,-1.3110999999999962,0.2950675970293082,-13978.762258064511,0.0
2024-09-30,6.630974829932,6.659950297619,6.667973591869,6.667904473548,6.678405707226,6.694198630717,6.715789765977,6.7456533793,6.759439167038,6.772251233379,6.81369958314,6.806321934006,6.798759370336,6.794568538406,6.815123609916,6.849475758836,6.836079293139,6.838276607387,6.844372366621,6.869808119658,6.886448815396,6.900112940957,6.88724431857,6.873617617671,6.861022703871,6.850933558742,6.863660148497,6.882572784458,6.899579096452,6.91123721525,2.797601,3.81,3.66,121.2864,17.663333333333334,74.01666666666667,157.8822,4.218176537374929,-95129.37033333333,6.5,4.0,1,1,0.11230093576000044,0.13898598187099953,0.018455409607000206,0.1499999999999999,-0.11104117006799985,-0.09558170238099972,-0.12639929277399986,-0.13128076662099986,-0.1110787847500001,-0.03569906424000013,0.15325500000000014,-0.10000000000000009,-1.6489393939393935,-6.338571428571427,-1.0397999999999996,1.7756374965246735,-130.09452688171586,0.0
2024-10-31,6.62610545802,6.696814170627,6.748315294472,6.762935808661,6.780586026916,6.79568809433,6.812786825059,6.831839291139,6.845935909045,6.838264343362,6.851299516048,6.886978115052,6.880543552291,6.871565027611,6.870862162904,6.877161779712,6.883461396521,6.889761013329,6.896060630137,6.902360246946,6.903889966555,6.897735693959,6.907926011313,6.918116328667,6.932531780277,6.952359582352,6.959151064706,6.965660634091,6.972322052953,6.975415746814,2.8013646666666667,4.28,4.16,124.7988,19.960869565217394,75.63260869565217,159.2043,4.407490379293244,-114913.92741935483,6.5,5.0,1,1,0.1414501727349995,0.13715140345200005,0.0837718562889993,0.1200000000000001,-0.004869371912000098,0.036863873008000425,0.10218031968999952,0.06601310998299947,0.064178531564,0.02914923697499905,0.0037636666666669427,0.4700000000000002,2.2975362318840595,1.6159420289855007,3.5123999999999995,0.1893138419183149,-19784.55708602151,0.0
2024-11-30,6.693807414999,6.702348247465,6.694648899166,6.688169085368,6.74316720182,6.786771364977,6.807208806047,6.839842121294,6.80784673304,6.785033721818,6.889556804292,6.89403352999,6.891415151908,6.884236742974,6.893318751784,6.912273157083,6.931227562382,6.950181967681,6.96913637298,6.954693491124,6.963393921276,6.97201164076,6.979199205527,6.986386770294,6.993484327642,7.001537073614,7.013844333343,7.024187495767,7.034464609322,7.03678221893,2.8051283333333332,4.18,4.13,126.5798,16.015238095238097,74.3452380952381,159.2043,3.8820970044657566,-102412.55566666667,6.5,6.0,1,1,0.08268547435300011,0.25174849711199965,0.04081895435500016,0.04999999999999982,0.0677019569790005,0.005534076837999891,-0.03741882509599925,-0.05323062154399949,0.061366472116000104,-0.05876469838199938,0.0037636666666664986,-0.10000000000000053,-3.945631469979297,-1.2873706004140644,1.781000000000006,-0.5253933748274875,12501.371752688166,0.0
2024-12-31,6.664394120687,6.699622222222,6.704347417732,6.71767382445,6.717375393317,6.779332526637,6.799490472217,6.811830006607,6.799849436352,6.776373826013,6.868096509716,6.8884438982,6.888070951582,6.879626554291,6.874556794669,6.895037863112,6.915518931556,6.936,6.944655882353,6.953311764706,6.961967647059,6.970248778682,6.977218282754,6.984187786825,6.990549927007,6.996393429315,7.002018332886,7.011363599022,7.025216443157,7.027900165337,2.808892,4.58,4.25,129.2775,15.866190476190477,73.8595,158.3229,3.530243394934618,-40372.77451612903,6.5,7.0,1,1,0.0767516037910001,0.25152633932400015,0.017753171095000297,0.33000000000000007,-0.02941329431200046,-0.002726025243000585,-0.025791808503000446,-0.008659895805000595,-0.008882053593000094,-0.00593387056200001,0.0037636666666669427,0.40000000000000036,-0.14904761904761976,-0.48573809523810496,2.6976999999999975,-0.35185360953113864,62039.78115053764,0.0
2025-01-31,6.58402964579,6.558008217564,6.626136821392,6.632455913524,6.64880997551,6.671603525334,6.739541462959,6.745616174135,6.725634089349,6.707710343185,6.775220317224,6.81569412905,6.832944853003,6.832631584424,6.827540806633,6.874639744256,6.917311671335,6.929952466368,6.92878206278,6.927611659193,6.946457905983,6.969125855492,6.970846837101,6.97256781871,6.981171017233,6.992509849601,6.996775443145,7.012738231488,7.018755442156,7.026189955258,2.9132700000000002,4.58,4.22,128.4828,16.763636363636365,79.27045454545454,157.772,3.0957071771397837,-21172.67076923077,6.5,8.0,1,1,0.14970212562100027,0.31847961207300024,0.0908017579460001,0.3600000000000003,-0.08036447489699938,-0.1416140046579999,-0.0685654178070001,-0.06866348282799972,-0.00171021007899963,0.07295052183000017,0.10437800000000008,0.0,0.8974458874458886,5.410954545454544,-0.794700000000006,-0.4345362177948342,19200.10374689826,0.0
2025-02-28,6.536496916561,6.561394909726,6.580327338742,6.623863399171,6.653417940757,6.697546183345,6.732147732645,6.76594330122,6.786296529525,6.744348189294,6.848812295437,6.883883087341,6.900698676907,6.905566874339,6.899683424619,6.907210550794,6.914737676969,6.922264803143,6.929791929318,6.957228358209,6.990452169451,6.99740656377,7.004360958089,7.011315352408,7.041460957716,7.075469582745,7.089192398926,7.110285549059,7.124210597959,7.11065464316,3.017648,4.24,3.99,128.2805,16.968,75.438,157.3313,2.5861832882339453,-14448.142857142857,6.25,9.0,1,1,0.18295327956799934,0.3663064538660006,0.09202303103100018,0.25,-0.047532729229000203,0.003386692162000493,0.004607965247000578,0.03663784610899956,0.0844646879019999,0.03325115394699907,0.10437799999999964,-0.33999999999999986,0.20436363636363453,-3.8324545454545387,-0.20230000000000814,-0.5095238889058384,6724.527912087911,-0.25
2025-03-31,6.415465013682,6.429278834267,6.437541584437,6.453596751563,6.479675569612,6.499650318731,6.549521272265,6.605215321339,6.597891119229,6.614610144894,6.664904257635,6.687946372081,6.691116352197,6.691845316892,6.716746973294,6.788979404321,6.83925898218,6.83693455339,6.8346101246,6.836588824693,6.847504792465,6.858420760237,6.86933672801,6.880252695782,6.884369303506,6.894515012577,6.912391279615,6.91544689547,6.917586085126,6.951942585287,3.122026,4.23,3.89,126.7075,21.841428571428573,72.73285714285714,157.5517,2.9517527093563922,-101531.09548387097,6.25,10.0,1,1,0.18533131062699937,0.33733244039300025,0.05039673534499922,0.3400000000000003,-0.12103190287900034,-0.13211607545899984,-0.1737423711450008,-0.1297380443999998,-0.15871205787300013,0.0023780310590000298,0.10437800000000008,-0.009999999999999787,4.8734285714285726,-2.70514285714286,-1.5729999999999933,0.36556942112244695,-87082.95262672812,0.0
2025-04-30,6.030978113208,6.032608301887,6.052531770634,6.099980614497,6.12155539641,6.151227057832,6.292461019384,6.351450526953,6.361352450902,6.402949887653,6.448932772478,6.451165520642,6.444933229053,6.454130723167,6.448901864358,6.487714298538,6.526526732718,6.565339166898,6.604151601078,6.63540458802,6.655952585922,6.676500583824,6.697048581726,6.717596579627,6.727715047044,6.736839743749,6.759435662454,6.783142742322,6.781187222987,6.785322762209,3.014445333333333,4.17,3.6,122.5921,31.966190476190473,68.1345,,,-169277.76433333333,6.0,10.0,1,1,0.37034158576600085,0.38237287455599933,0.0889470945230002,0.5699999999999998,-0.38448690047400014,-0.39667053238000083,-0.35812017320199985,-0.21166025724099935,-0.16661982307800027,0.18501027513900148,-0.10758066666666677,-0.0600000000000005,10.1247619047619,-4.5983571428571395,-4.115399999999994,,-67746.66884946235,-0.25
2025-05-31,5.653040202996,5.713300055178,5.7792522715,5.843334784952,5.900330410536,5.984793174742,6.092648050497,6.254522123956,6.256506377971,6.220074125775,6.308706830292,6.384070396835,6.401323784582,6.406902140179,6.451119500999,6.484583649721,6.512590094536,6.540596539352,6.568602984168,6.596609428983,6.624615873799,6.652622318614,6.68062876343,6.708635208245,6.718064192004,6.71405489805,6.759268636861,6.801633158769,6.803967450184,6.809026695225,2.906864666666667,4.41,3.89,121.7674,20.46227272727273,64.453,,,-194640.37419354837,6.0,10.0,1,1,0.5067740705969994,0.58895256945,0.18703035535799994,0.52,-0.3779379102119993,-0.3193082467089994,-0.22122498587399964,-0.1828757618780008,0.023703933015999823,0.13643248483099857,-0.10758066666666632,0.2400000000000002,-11.503917748917743,-3.6814999999999998,-0.8247000000000071,,-25362.609860215045,0.0
2025-06-30,5.551022471184,5.736796498075,5.917811809782,6.025212864407,6.129404336816,6.232242232189,6.32162704241,6.409776087589,6.407986592179,6.368737090342,6.551715179924,6.628583035908,6.658583170051,6.677696622659,6.694952156615,6.723950651179,6.752949145742,6.781947640305,6.810946134869,6.839944629432,6.868943123995,6.897941618559,6.926940113122,6.955714737344,6.979340343712,7.011810694002,7.037525025333,7.050601175289,7.051539300914,7.061975558225,2.799284,4.24,3.72,119.4088,18.403333333333336,71.4447619047619,,,-259617.77766666666,6.0,10.0,1,1,0.6319405922670001,0.6932384678829999,0.39260783874100014,0.52,-0.10201773181200036,0.023496442896999703,0.2290739262799999,0.14866296456700034,0.2529488630000003,0.12516652167000064,-0.10758066666666677,-0.16999999999999993,-2.0589393939393936,6.991761904761901,-2.3585999999999956,,-64977.40347311829,0.0
2025-07-31,5.631112696507,5.744028451954,5.888192037663,6.000877051778,6.084028917415,6.18810376478,6.276500519031,6.384062730431,6.431705752041,6.423196876022,6.593900833126,6.631269687413,6.662083415553,6.712095438165,6.684023171521,6.730798899676,6.777368296893,6.823818239356,6.870268181818,6.916718124281,6.963168066743,6.968774093264,6.964521243523,6.961754042268,6.969386380409,6.98269908583,7.011839214354,7.043450456443,7.036692216098,7.097546455772,2.8554536666666666,4.37,3.94,121.721,16.381304347826084,71.04130434782608,,,-178261.90580645163,6.0,10.0,1,1,0.679168424068,0.6743495797500003,0.34000046546100027,0.43000000000000016,0.08009022532300047,0.007231953878999775,-0.045375419401000094,0.05445978567999976,0.03557089754700016,0.047227831800999986,0.05616966666666645,0.1299999999999999,-2.0220289855072515,-0.40345755693581964,2.3122000000000043,,81355.87186021503,0.0
2025-08-31,5.650739866564,5.808755132744,6.033923033446,6.219476697387,6.376989063577,6.515922381129,6.607780850287,6.66939885996,6.640001117369,6.64467323684,6.818660468227,6.870040557827,6.920450487613,6.954948919328,6.96465607803,6.986473187631,7.008290297233,7.030107406834,7.051924516435,7.089072827417,7.131484088127,7.173895348837,7.216306609547,7.248731428571,7.24256,7.254845842697,7.270622145671,7.283961197128,7.283151079142,7.282854629175,2.9116233333333335,4.23,3.59,120.2082,15.75,67.87,,,-160211.82677419356,6.0,10.0,1,1,0.8359181040959998,0.6381813923349995,0.5682339308329993,0.6400000000000006,0.019627170056999432,0.06472668079000066,0.2929601461619997,0.22147636081800037,0.18530817340299954,0.15674968002799972,0.056169666666666895,-0.13999999999999968,-0.6313043478260845,-3.17130434782608,-1.5127999999999986,,18050.079032258072,0.0
2025-09-30,5.634148649937,5.831895534426,5.86343197642,6.049822390875,6.244740255024,6.446705074684,6.532727624493,6.612072894239,6.632447161101,6.640178952157,6.785329555293,6.80957201164,6.847990166252,6.865227350427,6.869009027778,6.911425694444,6.953842361111,6.996259027778,7.038675694444,7.067352359581,7.093225880593,7.119099401605,7.144972922617,7.162590475038,7.161103985746,7.174266714442,7.182759863261,7.191737329898,7.185992867129,7.188839804692,2.967793,4.16,3.6,120.1368,15.789090909090909,67.98545454545454,,,-110558.34233333333,6.0,10.0,1,1,0.8082834177310003,0.5486608525349999,0.4128447205980006,0.56,-0.016591216626999916,0.02314040168199938,-0.13224880855299936,-0.0044942846830000605,-0.09401482448299969,-0.02763468636499944,0.05616966666666645,-0.07000000000000028,0.039090909090909065,0.11545454545453993,-0.07140000000001123,,49653.48444086022,0.0
2025-10-31,5.6482125,5.68209712857,5.9194567179,6.09627560363,6.245571705057,6.394219293946,6.469313132517,6.586352471546,6.589152720196,6.625161665248,6.8445472536,6.865030867783,6.887297955271,6.905558030955,6.934243867729,6.99312995633,7.001696580027,7.003617236662,7.02964471243,7.059899162596,7.090271807397,7.120644452198,7.151017096999,7.170262348178,7.186664990702,7.191248702075,7.207916032608,7.225615127994,7.234750017519,7.229359095612,,4.11,3.6,121.3859,18.086521739130436,64.54347826086956,,,-111688.02935483871,6.0,10.0,1,1,0.9430645366780004,0.6041974303639996,0.5634745764870006,0.5100000000000002,0.014063850062999705,-0.14979840585600002,0.000831450033000003,-0.01501728690899995,0.04051929091999984,0.13478111894700007,,-0.04999999999999982,2.297430830039527,-3.4419762845849817,1.2491000000000128,,-1129.6870215053787,0.0
2025-11-30,5.53976428343,5.781710536303,5.821505967477,6.051091840365,6.25570968778,6.403378231293,6.519390481523,6.531541572898,6.567307245469,6.602776599255,6.740000454355,6.836232056794,6.883979182927,6.929507645463,6.921748742863,6.951834687799,6.981920632735,7.012006577672,7.042092522608,7.072178467545,7.102264412481,7.132350357418,7.162436302354,7.182554899054,7.192055109974,7.233752136002,7.273266401674,7.287756568159,7.288204023798,7.290383724304,,4.02,3.47,121.0527,19.7695,63.797000000000004,,,-178625.65866666666,6.0,10.0,1,1,0.8210660629520001,0.6876071250490003,0.4739991514769999,0.5499999999999994,-0.10844821656999937,0.09961340773299998,0.010137982722999261,-0.022385065993000275,0.06102462869200043,-0.12199847372600026,,-0.09000000000000075,1.6829782608695645,-0.7464782608695586,-0.33320000000000505,,-66937.62931182794,0.0
2025-12-31,5.54782037037,5.80995077193,5.886644044555,6.182720763377,6.394292929756,6.537396234116,6.619061650837,6.637056971473,6.628542537702,6.65903752393,6.820401636394,6.872785727344,6.903271181852,6.941555246313,7.003291527454,7.026552935251,7.049814343048,7.073075750845,7.096337158642,7.119598566439,7.142859974236,7.166121382033,7.18938278983,7.212644197627,7.236165897123,7.266738527533,7.283403865765,7.273111421995,7.268790407436,7.26754020875,,4.18,3.47,119.7456,15.548181818181819,62.54428571428572,,,-124349.64322580645,6.0,10.0,1,1,0.8490867520000007,0.6085026848199995,0.5843421578260006,0.7099999999999995,0.008056086939999929,0.028240235626999954,0.1385832419760007,0.056260924675000545,-0.022843515554000327,0.02802068904800059,,0.16000000000000014,-4.221318181818182,-1.2527142857142834,-1.3071000000000055,,54276.01544086021,0.0
2026-01-31,5.639484037086,5.807266435184,6.026217382327,6.254174612903,6.468818763192,6.59589358373,6.678831794484,6.73711671273,6.718982167238,6.779724951722,6.907978132479,6.971089575656,7.021873144736,7.072484437444,7.107547322122,7.131118036852,7.154688751581,7.178259466311,7.20183018104,7.22540089577,7.248971610499,7.272542325229,7.296113039959,7.319683754688,7.321127917272,7.300770492149,7.364333267596,7.37026201272,7.369124255937,7.372569170889,,4.26,3.52,117.8996,16.17904761904762,66.60238095238095,,,-108271.11774193548,6.0,10.0,1,1,0.9724585165379995,0.5928442191670005,0.6615523280079998,0.7399999999999998,0.09166366671600024,-0.0026843367459994383,0.07452583343599972,0.12068742779199937,0.10502896213900037,0.12337176453799881,,0.08000000000000007,0.6308658008658004,4.058095238095234,-1.8459999999999894,,16078.525483870966,0.0
